"","x"
"1","asset_bank_deposit"
"2","asset_bonds"
"3","asset_business"
"4","asset_business_unincorp"
"5","asset_car"
"6","asset_contents"
"7","asset_house"
"8","asset_house_oth"
"9","asset_investments"
"10","asset_kids"
"11","asset_loans"
"12","asset_non_res_prop"
"13","asset_offset"
"14","asset_other"
"15","asset_partnership"
"16","asset_shares"
"17","asset_super_gov"
"18","asset_super_non_gov"
"19","asset_trust_all"
"20","asset_trust_private"
"21","asset_trust_public"
"22","equiv_hh"
"23","housing_costs"
"24","id_hh"
"25","income_disposable_0304"
"26","income_disposable_0506"
"27","income_disposable_0708"
"28","income_employee_0304"
"29","income_employee_0506"
"30","income_employee_0708"
"31","income_investments_0506"
"32","income_investments_0708"
"33","income_other_sources"
"34","income_other_sources_incl_WC"
"35","income_pensions_allowances_0506"
"36","income_pensions_allowances_0708"
"37","income_super"
"38","income_total_0304"
"39","income_total_0506"
"40","income_total_0708"
"41","income_uninc_business"
"42","liability_car_loans"
"43","liability_credit_card"
"44","liability_help"
"45","liability_house"
"46","liability_investment"
"47","liability_loans"
"48","liability_oth_all_house"
"49","liability_oth_house"
"50","liability_student"
"51","rent"
"52","rent_imputed"
"53","rent_imputed_net"
"54","wealth_net"
"55","weight"
"56","weight_10000"
"57","hvaluech_1994"
"58","trpay1ch_1994"
"59","trpay2ch_1994"
"60","trpay3ch_1994"
"61","trpay4ch_1994"
"62","ratesch_1994"
"63","towe1ch_1994"
"64","towe2ch_1994"
"65","towe3ch_1994"
"66","towe4ch_1994"
"67","iwsuch_1994"
"68","iobtch_1994"
"69","isuperch_1994"
"70","investch_1994"
"71","othsrch_1994"
"72","itgcbch_1994"
"73","iwsuph_1994"
"74","iobtph_1994"
"75","isuperph_1994"
"76","investph_1994"
"77","othsrph_1994"
"78","itgcbph_1994"
"79","inctotph_1994"
"80","dispph_1994"
"81","repwth1_1994"
"82","repwth2_1994"
"83","repwth3_1994"
"84","repwth4_1994"
"85","repwth5_1994"
"86","repwth6_1994"
"87","repwth7_1994"
"88","repwth8_1994"
"89","repwth9_1994"
"90","repwth10_1994"
"91","repwth11_1994"
"92","repwth12_1994"
"93","repwth13_1994"
"94","repwth14_1994"
"95","repwth15_1994"
"96","repwth16_1994"
"97","repwth17_1994"
"98","repwth18_1994"
"99","repwth19_1994"
"100","repwth20_1994"
"101","repwth21_1994"
"102","repwth22_1994"
"103","repwth23_1994"
"104","repwth24_1994"
"105","repwth25_1994"
"106","repwth26_1994"
"107","repwth27_1994"
"108","repwth28_1994"
"109","repwth29_1994"
"110","repwth30_1994"
"111","hvaluech_1995"
"112","trpay1ch_1995"
"113","trpay2ch_1995"
"114","trpay3ch_1995"
"115","trpay4ch_1995"
"116","ratesch_1995"
"117","towe1ch_1995"
"118","towe2ch_1995"
"119","towe3ch_1995"
"120","towe4ch_1995"
"121","iwsuch_1995"
"122","iobtch_1995"
"123","isuperch_1995"
"124","investch_1995"
"125","othsrch_1995"
"126","itgcbch_1995"
"127","iwsuph_1995"
"128","iobtph_1995"
"129","isuperph_1995"
"130","investph_1995"
"131","othsrph_1995"
"132","itgcbph_1995"
"133","inctotph_1995"
"134","dispph_1995"
"135","repwth1_1995"
"136","repwth2_1995"
"137","repwth3_1995"
"138","repwth4_1995"
"139","repwth5_1995"
"140","repwth6_1995"
"141","repwth7_1995"
"142","repwth8_1995"
"143","repwth9_1995"
"144","repwth10_1995"
"145","repwth11_1995"
"146","repwth12_1995"
"147","repwth13_1995"
"148","repwth14_1995"
"149","repwth15_1995"
"150","repwth16_1995"
"151","repwth17_1995"
"152","repwth18_1995"
"153","repwth19_1995"
"154","repwth20_1995"
"155","repwth21_1995"
"156","repwth22_1995"
"157","repwth23_1995"
"158","repwth24_1995"
"159","repwth25_1995"
"160","repwth26_1995"
"161","repwth27_1995"
"162","repwth28_1995"
"163","repwth29_1995"
"164","repwth30_1995"
"165","hvaluech_1996"
"166","trpay1ch_1996"
"167","trpay2ch_1996"
"168","trpay3ch_1996"
"169","trpay4ch_1996"
"170","ratesch_1996"
"171","towe1ch_1996"
"172","towe2ch_1996"
"173","towe3ch_1996"
"174","towe4ch_1996"
"175","iwsuch_1996"
"176","iobtch_1996"
"177","isuperch_1996"
"178","investch_1996"
"179","othsrch_1996"
"180","itgcbch_1996"
"181","iwsuph_1996"
"182","iobtph_1996"
"183","isuperph_1996"
"184","investph_1996"
"185","othsrph_1996"
"186","itgcbph_1996"
"187","inctotph_1996"
"188","dispph_1996"
"189","repwth1_1996"
"190","repwth2_1996"
"191","repwth3_1996"
"192","repwth4_1996"
"193","repwth5_1996"
"194","repwth6_1996"
"195","repwth7_1996"
"196","repwth8_1996"
"197","repwth9_1996"
"198","repwth10_1996"
"199","repwth11_1996"
"200","repwth12_1996"
"201","repwth13_1996"
"202","repwth14_1996"
"203","repwth15_1996"
"204","repwth16_1996"
"205","repwth17_1996"
"206","repwth18_1996"
"207","repwth19_1996"
"208","repwth20_1996"
"209","repwth21_1996"
"210","repwth22_1996"
"211","repwth23_1996"
"212","repwth24_1996"
"213","repwth25_1996"
"214","repwth26_1996"
"215","repwth27_1996"
"216","repwth28_1996"
"217","repwth29_1996"
"218","repwth30_1996"
"219","hvaluech_1997"
"220","trpay1ch_1997"
"221","trpay2ch_1997"
"222","trpay3ch_1997"
"223","trpay4ch_1997"
"224","ratesch_1997"
"225","towe1ch_1997"
"226","towe2ch_1997"
"227","towe3ch_1997"
"228","towe4ch_1997"
"229","iwsuch_1997"
"230","iobtch_1997"
"231","isuperch_1997"
"232","investch_1997"
"233","othsrch_1997"
"234","itgcbch_1997"
"235","iwsuph_1997"
"236","iobtph_1997"
"237","isuperph_1997"
"238","investph_1997"
"239","othsrph_1997"
"240","itgcbph_1997"
"241","inctotph_1997"
"242","dispph_1997"
"243","repwth1_1997"
"244","repwth2_1997"
"245","repwth3_1997"
"246","repwth4_1997"
"247","repwth5_1997"
"248","repwth6_1997"
"249","repwth7_1997"
"250","repwth8_1997"
"251","repwth9_1997"
"252","repwth10_1997"
"253","repwth11_1997"
"254","repwth12_1997"
"255","repwth13_1997"
"256","repwth14_1997"
"257","repwth15_1997"
"258","repwth16_1997"
"259","repwth17_1997"
"260","repwth18_1997"
"261","repwth19_1997"
"262","repwth20_1997"
"263","repwth21_1997"
"264","repwth22_1997"
"265","repwth23_1997"
"266","repwth24_1997"
"267","repwth25_1997"
"268","repwth26_1997"
"269","repwth27_1997"
"270","repwth28_1997"
"271","repwth29_1997"
"272","repwth30_1997"
"273","hvaluech_1999"
"274","trpay1ch_1999"
"275","trpay2ch_1999"
"276","trpay3ch_1999"
"277","trpay4ch_1999"
"278","ratesch_1999"
"279","towe1ch_1999"
"280","towe2ch_1999"
"281","towe3ch_1999"
"282","towe4ch_1999"
"283","iwsuch_1999"
"284","iobtch_1999"
"285","isuperch_1999"
"286","investch_1999"
"287","othsrch_1999"
"288","itgcbch_1999"
"289","iwsuph_1999"
"290","iobtph_1999"
"291","isuperph_1999"
"292","investph_1999"
"293","othsrph_1999"
"294","itgcbph_1999"
"295","inctotph_1999"
"296","dispph_1999"
"297","repwth1_1999"
"298","repwth2_1999"
"299","repwth3_1999"
"300","repwth4_1999"
"301","repwth5_1999"
"302","repwth6_1999"
"303","repwth7_1999"
"304","repwth8_1999"
"305","repwth9_1999"
"306","repwth10_1999"
"307","repwth11_1999"
"308","repwth12_1999"
"309","repwth13_1999"
"310","repwth14_1999"
"311","repwth15_1999"
"312","repwth16_1999"
"313","repwth17_1999"
"314","repwth18_1999"
"315","repwth19_1999"
"316","repwth20_1999"
"317","repwth21_1999"
"318","repwth22_1999"
"319","repwth23_1999"
"320","repwth24_1999"
"321","repwth25_1999"
"322","repwth26_1999"
"323","repwth27_1999"
"324","repwth28_1999"
"325","repwth29_1999"
"326","repwth30_1999"
"327","hvaluech_2000"
"328","trpay1ch_2000"
"329","trpay2ch_2000"
"330","trpay3ch_2000"
"331","trpay4ch_2000"
"332","ratesch_2000"
"333","towe1ch_2000"
"334","towe2ch_2000"
"335","towe3ch_2000"
"336","towe4ch_2000"
"337","iwsuch_2000"
"338","iobtch_2000"
"339","isuperch_2000"
"340","investch_2000"
"341","othsrch_2000"
"342","itgcbch_2000"
"343","iwsuph_2000"
"344","iobtph_2000"
"345","isuperph_2000"
"346","investph_2000"
"347","othsrph_2000"
"348","itgcbph_2000"
"349","inctotph_2000"
"350","dispph_2000"
"351","repwth1_2000"
"352","repwth2_2000"
"353","repwth3_2000"
"354","repwth4_2000"
"355","repwth5_2000"
"356","repwth6_2000"
"357","repwth7_2000"
"358","repwth8_2000"
"359","repwth9_2000"
"360","repwth10_2000"
"361","repwth11_2000"
"362","repwth12_2000"
"363","repwth13_2000"
"364","repwth14_2000"
"365","repwth15_2000"
"366","repwth16_2000"
"367","repwth17_2000"
"368","repwth18_2000"
"369","repwth19_2000"
"370","repwth20_2000"
"371","repwth21_2000"
"372","repwth22_2000"
"373","repwth23_2000"
"374","repwth24_2000"
"375","repwth25_2000"
"376","repwth26_2000"
"377","repwth27_2000"
"378","repwth28_2000"
"379","repwth29_2000"
"380","repwth30_2000"
"381","absiid_2002"
"382","abspid_2002"
"383","absfid_2002"
"384","trpay1ch_2002"
"385","trpay2ch_2002"
"386","trpay3ch_2002"
"387","trpay4ch_2002"
"388","ratesch_2002"
"389","towe1ch_2002"
"390","towe2ch_2002"
"391","towe3ch_2002"
"392","towe4ch_2002"
"393","iwsuph_2002"
"394","iobtph_2002"
"395","isuperph_2002"
"396","investph_2002"
"397","othsrph_2002"
"398","itgcbph_2002"
"399","inctotph_2002"
"400","dispph_2002"
"401","wthh_2002"
"402","repwth01_2002"
"403","repwth02_2002"
"404","repwth03_2002"
"405","repwth04_2002"
"406","repwth05_2002"
"407","repwth06_2002"
"408","repwth07_2002"
"409","repwth08_2002"
"410","repwth09_2002"
"411","repwth10_2002"
"412","repwth11_2002"
"413","repwth12_2002"
"414","repwth13_2002"
"415","repwth14_2002"
"416","repwth15_2002"
"417","repwth16_2002"
"418","repwth17_2002"
"419","repwth18_2002"
"420","repwth19_2002"
"421","repwth20_2002"
"422","repwth21_2002"
"423","repwth22_2002"
"424","repwth23_2002"
"425","repwth24_2002"
"426","repwth25_2002"
"427","repwth26_2002"
"428","repwth27_2002"
"429","repwth28_2002"
"430","repwth29_2002"
"431","repwth30_2002"
"432","hcostsh2_2003"
"433","wkrentrf_2003"
"434","ratesch_2003"
"435","ratescch_2003"
"436","ratesgch_2003"
"437","rateswch_2003"
"438","ratergch_2003"
"439","ratercch_2003"
"440","raterwch_2003"
"441","bcorpch_2003"
"442","ratesrch_2003"
"443","iobt1ch_2003"
"444","iobtph_2003"
"445","dispph_2003"
"446","inctotph_2003"
"447","iwsuph_2003"
"448","itgcbph_2003"
"449","investph_2003"
"450","othsrph_2003"
"451","isuperph_2003"
"452","incto1ch_2003"
"453","inves1ch_2003"
"454","towe2ch_2003"
"455","towe2c2_2003"
"456","towe1ch_2003"
"457","towe1c2_2003"
"458","towe4ch_2003"
"459","towe4c2_2003"
"460","towe3ach_2003"
"461","towe3ac2_2003"
"462","trpay2ch_2003"
"463","trpay2rf_2003"
"464","trpay1ch_2003"
"465","trpay1rf_2003"
"466","trpa3ach_2003"
"467","trpa3arf_2003"
"468","trpay4ch_2003"
"469","trpay4rf_2003"
"470","tint2ch_2003"
"471","tint1ch_2003"
"472","tint3ach_2003"
"473","tint4ch_2003"
"474","whs0101_2003"
"475","whs0102_2003"
"476","whs0103_2003"
"477","whs0104_2003"
"478","whs0105_2003"
"479","whs0106_2003"
"480","whs0107_2003"
"481","whs0108_2003"
"482","whs0109_2003"
"483","whs0110_2003"
"484","whs0111_2003"
"485","whs0112_2003"
"486","whs0113_2003"
"487","whs0114_2003"
"488","whs0115_2003"
"489","whs0116_2003"
"490","whs0117_2003"
"491","whs0118_2003"
"492","whs0119_2003"
"493","whs0120_2003"
"494","whs0121_2003"
"495","whs0122_2003"
"496","whs0123_2003"
"497","whs0124_2003"
"498","whs0125_2003"
"499","whs0126_2003"
"500","whs0127_2003"
"501","whs0128_2003"
"502","whs0129_2003"
"503","whs0130_2003"
"504","whs0131_2003"
"505","whs0132_2003"
"506","whs0133_2003"
"507","whs0134_2003"
"508","whs0135_2003"
"509","whs0136_2003"
"510","whs0137_2003"
"511","whs0138_2003"
"512","whs0139_2003"
"513","whs0140_2003"
"514","whs0141_2003"
"515","whs0142_2003"
"516","whs0143_2003"
"517","whs0144_2003"
"518","whs0145_2003"
"519","whs0146_2003"
"520","whs0147_2003"
"521","whs0148_2003"
"522","whs0149_2003"
"523","whs0150_2003"
"524","whs0151_2003"
"525","whs0152_2003"
"526","whs0153_2003"
"527","whs0154_2003"
"528","whs0155_2003"
"529","whs0156_2003"
"530","whs0157_2003"
"531","whs0158_2003"
"532","whs0159_2003"
"533","whs0160_2003"
"534","grossir_2003"
"535","netir_2003"
"536","hcostsh2_2005"
"537","rateswch_2005"
"538","ratesgch_2005"
"539","ratescch_2005"
"540","wkrentrf_2005"
"541","bcorprch_2005"
"542","raterwch_2005"
"543","ratergch_2005"
"544","ratercch_2005"
"545","ratesrch_2005"
"546","ratesch_2005"
"547","iobt1ch_2005"
"548","iobtph_2005"
"549","dispph_2005"
"550","inctotph_2005"
"551","iwsuph_2005"
"552","itgcbph_2005"
"553","investph_2005"
"554","othsrph_2005"
"555","isuperph_2005"
"556","incto1ch_2005"
"557","inves1ch_2005"
"558","towe2ch_2005"
"559","towe2c2_2005"
"560","towe1ch_2005"
"561","towe1c2_2005"
"562","towe4ch_2005"
"563","towe4c2_2005"
"564","towe3ach_2005"
"565","towe3ac2_2005"
"566","trpay2ch_2005"
"567","trpay2rf_2005"
"568","trpay1ch_2005"
"569","trpay1rf_2005"
"570","trpa3ach_2005"
"571","trpa3arf_2005"
"572","trpay4ch_2005"
"573","trpay4rf_2005"
"574","tint2ch_2005"
"575","tint1ch_2005"
"576","tint3ach_2005"
"577","tint4ch_2005"
"578","whs0101_2005"
"579","whs0102_2005"
"580","whs0103_2005"
"581","whs0104_2005"
"582","whs0105_2005"
"583","whs0106_2005"
"584","whs0107_2005"
"585","whs0108_2005"
"586","whs0109_2005"
"587","whs0110_2005"
"588","whs0111_2005"
"589","whs0112_2005"
"590","whs0113_2005"
"591","whs0114_2005"
"592","whs0115_2005"
"593","whs0116_2005"
"594","whs0117_2005"
"595","whs0118_2005"
"596","whs0119_2005"
"597","whs0120_2005"
"598","whs0121_2005"
"599","whs0122_2005"
"600","whs0123_2005"
"601","whs0124_2005"
"602","whs0125_2005"
"603","whs0126_2005"
"604","whs0127_2005"
"605","whs0128_2005"
"606","whs0129_2005"
"607","whs0130_2005"
"608","whs0131_2005"
"609","whs0132_2005"
"610","whs0133_2005"
"611","whs0134_2005"
"612","whs0135_2005"
"613","whs0136_2005"
"614","whs0137_2005"
"615","whs0138_2005"
"616","whs0139_2005"
"617","whs0140_2005"
"618","whs0141_2005"
"619","whs0142_2005"
"620","whs0143_2005"
"621","whs0144_2005"
"622","whs0145_2005"
"623","whs0146_2005"
"624","whs0147_2005"
"625","whs0148_2005"
"626","whs0149_2005"
"627","whs0150_2005"
"628","whs0151_2005"
"629","whs0152_2005"
"630","whs0153_2005"
"631","whs0154_2005"
"632","whs0155_2005"
"633","whs0156_2005"
"634","whs0157_2005"
"635","whs0158_2005"
"636","whs0159_2005"
"637","whs0160_2005"
"638","grossir_2005"
"639","netir_2005"
"640","abspid_2007"
"641","absiid_2007"
"642","absfid_2007"
"643","hcostsh3_2007"
"644","hcostsh2_2007"
"645","yrrmln_2007"
"646","bcorpgch_2007"
"647","ratesrch_2007"
"648","rntlsep2_2007"
"649","rntbnda_2007"
"650","hvalpric_2007"
"651","pdwldepa_2007"
"652","bcorprch_2007"
"653","hvalprwd_2007"
"654","hvaluech_2007"
"655","ratercch_2007"
"656","ratergch_2007"
"657","raterwch_2007"
"658","ratescch_2007"
"659","ratesch_2007"
"660","ratesgch_2007"
"661","rateswch_2007"
"662","wkrentrf_2007"
"663","ksuppch_2007"
"664","cwfinsph_2007"
"665","pymainh_2007"
"666","pyfinsph_2007"
"667","iobtph_2007"
"668","iwsuph_2007"
"669","iwsuph8_2007"
"670","investph_2007"
"671","invesph8_2007"
"672","othsrph_2007"
"673","othsrph8_2007"
"674","isuperph_2007"
"675","towe2ch_2007"
"676","towe2c2_2007"
"677","towe1ch_2007"
"678","towe1c2_2007"
"679","towe4ch_2007"
"680","towe4c2_2007"
"681","towe3ach_2007"
"682","towe3ac2_2007"
"683","trpay2ch_2007"
"684","trpay2rf_2007"
"685","trpay2c2_2007"
"686","trpay1ch_2007"
"687","trpay1rf_2007"
"688","trpay1c2_2007"
"689","trpa3ach_2007"
"690","trpa3arf_2007"
"691","trpa3ac2_2007"
"692","trpay4ch_2007"
"693","trpay4c2_2007"
"694","trpay4rf_2007"
"695","tint2ch_2007"
"696","tint1ch_2007"
"697","tint3ach_2007"
"698","tint4ch_2007"
"699","dispph_2007"
"700","dispph8_2007"
"701","inctotph_2007"
"702","inctoph8_2007"
"703","itgcbph_2007"
"704","whs0101_2007"
"705","whs0102_2007"
"706","whs0103_2007"
"707","whs0104_2007"
"708","whs0105_2007"
"709","whs0106_2007"
"710","whs0107_2007"
"711","whs0108_2007"
"712","whs0109_2007"
"713","whs0110_2007"
"714","whs0111_2007"
"715","whs0112_2007"
"716","whs0113_2007"
"717","whs0114_2007"
"718","whs0115_2007"
"719","whs0116_2007"
"720","whs0117_2007"
"721","whs0118_2007"
"722","whs0119_2007"
"723","whs0120_2007"
"724","whs0121_2007"
"725","whs0122_2007"
"726","whs0123_2007"
"727","whs0124_2007"
"728","whs0125_2007"
"729","whs0126_2007"
"730","whs0127_2007"
"731","whs0128_2007"
"732","whs0129_2007"
"733","whs0130_2007"
"734","whs0131_2007"
"735","whs0132_2007"
"736","whs0133_2007"
"737","whs0134_2007"
"738","whs0135_2007"
"739","whs0136_2007"
"740","whs0137_2007"
"741","whs0138_2007"
"742","whs0139_2007"
"743","whs0140_2007"
"744","whs0141_2007"
"745","whs0142_2007"
"746","whs0143_2007"
"747","whs0144_2007"
"748","whs0145_2007"
"749","whs0146_2007"
"750","whs0147_2007"
"751","whs0148_2007"
"752","whs0149_2007"
"753","whs0150_2007"
"754","whs0151_2007"
"755","whs0152_2007"
"756","whs0153_2007"
"757","whs0154_2007"
"758","whs0155_2007"
"759","whs0156_2007"
"760","whs0157_2007"
"761","whs0158_2007"
"762","whs0159_2007"
"763","whs0160_2007"
"764","grossir_2007"
"765","netir_2007"
"766","abslid_2007"
"767","grossir_2009"
"768","netir_2009"
"769","hvalprwd_2009"
"770","bcorpgch_2009"
"771","rateswch_2009"
"772","ratesgch_2009"
"773","ratescch_2009"
"774","ratesch_2009"
"775","bcorprch_2009"
"776","raterwch_2009"
"777","ratergch_2009"
"778","ratesrch_2009"
"779","ratercch_2009"
"780","hcostsh3_2009"
"781","hcostsh2_2009"
"782","wkrentrf_2009"
"783","towe2ch_2009"
"784","towe2c2_2009"
"785","towe1ch_2009"
"786","towe1c2_2009"
"787","towe4ch_2009"
"788","towe4c2_2009"
"789","towe3ach_2009"
"790","towe3ac2_2009"
"791","trpay2ch_2009"
"792","trpay2rf_2009"
"793","trpay2c2_2009"
"794","trpay1ch_2009"
"795","trpay1rf_2009"
"796","trpay1c2_2009"
"797","trpa3ach_2009"
"798","trpa3arf_2009"
"799","trpa3ac2_2009"
"800","trpay4ch_2009"
"801","trpay4c2_2009"
"802","trpay4rf_2009"
"803","tint2ch_2009"
"804","tint1ch_2009"
"805","tint3ach_2009"
"806","tint4ch_2009"
"807","ksuppch_2009"
"808","cwfinsph_2009"
"809","pymainh_2009"
"810","pyfinsph_2009"
"811","investch_2009"
"812","iobtph_2009"
"813","dispph8_2009"
"814","dispph_2009"
"815","inctotph_2009"
"816","inctoph8_2009"
"817","iwsuph_2009"
"818","iwsuph8_2009"
"819","itgcbph_2009"
"820","investph_2009"
"821","invesph8_2009"
"822","othsrph_2009"
"823","othsrph8_2009"
"824","isuperph_2009"
"825","hvalpric_2009"
"826","absfid_2009"
"827","absiid_2009"
"828","abslid_2009"
"829","abspid_2009"
"830","whs0101_2009"
"831","whs0102_2009"
"832","whs0103_2009"
"833","whs0104_2009"
"834","whs0105_2009"
"835","whs0106_2009"
"836","whs0107_2009"
"837","whs0108_2009"
"838","whs0109_2009"
"839","whs0110_2009"
"840","whs0111_2009"
"841","whs0112_2009"
"842","whs0113_2009"
"843","whs0114_2009"
"844","whs0115_2009"
"845","whs0116_2009"
"846","whs0117_2009"
"847","whs0118_2009"
"848","whs0119_2009"
"849","whs0120_2009"
"850","whs0121_2009"
"851","whs0122_2009"
"852","whs0123_2009"
"853","whs0124_2009"
"854","whs0125_2009"
"855","whs0126_2009"
"856","whs0127_2009"
"857","whs0128_2009"
"858","whs0129_2009"
"859","whs0130_2009"
"860","whs0131_2009"
"861","whs0132_2009"
"862","whs0133_2009"
"863","whs0134_2009"
"864","whs0135_2009"
"865","whs0136_2009"
"866","whs0137_2009"
"867","whs0138_2009"
"868","whs0139_2009"
"869","whs0140_2009"
"870","whs0141_2009"
"871","whs0142_2009"
"872","whs0143_2009"
"873","whs0144_2009"
"874","whs0145_2009"
"875","whs0146_2009"
"876","whs0147_2009"
"877","whs0148_2009"
"878","whs0149_2009"
"879","whs0150_2009"
"880","whs0151_2009"
"881","whs0152_2009"
"882","whs0153_2009"
"883","whs0154_2009"
"884","whs0155_2009"
"885","whs0156_2009"
"886","whs0157_2009"
"887","whs0158_2009"
"888","whs0159_2009"
"889","whs0160_2009"
"890","absfid_2011"
"891","absiid_2011"
"892","abspid_2011"
"893","ratesch_2011"
"894","bcorprch_2011"
"895","raterwch_2011"
"896","ratergch_2011"
"897","ratesrch_2011"
"898","ratercch_2011"
"899","hcostsh3_2011"
"900","hcostsh2_2011"
"901","lalldch_2011"
"902","hvalprwd_2011"
"903","towe2ch_2011"
"904","towe2c2_2011"
"905","towe1ch_2011"
"906","towe1c2_2011"
"907","towe4ch_2011"
"908","towe4c2_2011"
"909","towe3ach_2011"
"910","towe3ac2_2011"
"911","trpay2ch_2011"
"912","trpay2rf_2011"
"913","trpay2c2_2011"
"914","trpay1ch_2011"
"915","trpay1rf_2011"
"916","trpay1c2_2011"
"917","trpa3ach_2011"
"918","trpa3arf_2011"
"919","trpa3ac2_2011"
"920","trpay4ch_2011"
"921","trpay4c2_2011"
"922","trpay4rf_2011"
"923","tint2ch_2011"
"924","tint1ch_2011"
"925","tint3ach_2011"
"926","tint4ch_2011"
"927","ksuppch_2011"
"928","cwfinsph_2011"
"929","itgcbch6_2011"
"930","investch_2011"
"931","iobtph_2011"
"932","dispph8_2011"
"933","dispph_2011"
"934","inctotph_2011"
"935","inctoph8_2011"
"936","iwsuph_2011"
"937","iwsuph8_2011"
"938","itgcbph_2011"
"939","investph_2011"
"940","invesph8_2011"
"941","othsrph_2011"
"942","othsrph8_2011"
"943","isuperph_2011"
"944","iwssuch_2011"
"945","pyfinsph_2011"
"946","pymainh_2011"
"947","vchassch_2011"
"948","hinspayh_2011"
"949","hvalpric_2011"
"950","bcorpgch_2011"
"951","rateswch_2011"
"952","ratesgch_2011"
"953","ratescch_2011"
"954","wkrentrf_2011"
"955","whs0101_2011"
"956","whs0102_2011"
"957","whs0103_2011"
"958","whs0104_2011"
"959","whs0105_2011"
"960","whs0106_2011"
"961","whs0107_2011"
"962","whs0108_2011"
"963","whs0109_2011"
"964","whs0110_2011"
"965","whs0111_2011"
"966","whs0112_2011"
"967","whs0113_2011"
"968","whs0114_2011"
"969","whs0115_2011"
"970","whs0116_2011"
"971","whs0117_2011"
"972","whs0118_2011"
"973","whs0119_2011"
"974","whs0120_2011"
"975","whs0121_2011"
"976","whs0122_2011"
"977","whs0123_2011"
"978","whs0124_2011"
"979","whs0125_2011"
"980","whs0126_2011"
"981","whs0127_2011"
"982","whs0128_2011"
"983","whs0129_2011"
"984","whs0130_2011"
"985","whs0131_2011"
"986","whs0132_2011"
"987","whs0133_2011"
"988","whs0134_2011"
"989","whs0135_2011"
"990","whs0136_2011"
"991","whs0137_2011"
"992","whs0138_2011"
"993","whs0139_2011"
"994","whs0140_2011"
"995","whs0141_2011"
"996","whs0142_2011"
"997","whs0143_2011"
"998","whs0144_2011"
"999","whs0145_2011"
"1000","whs0146_2011"
"1001","whs0147_2011"
"1002","whs0148_2011"
"1003","whs0149_2011"
"1004","whs0150_2011"
"1005","whs0151_2011"
"1006","whs0152_2011"
"1007","whs0153_2011"
"1008","whs0154_2011"
"1009","whs0155_2011"
"1010","whs0156_2011"
"1011","whs0157_2011"
"1012","whs0158_2011"
"1013","whs0159_2011"
"1014","whs0160_2011"
"1015","wklyccah_2011"
"1016","wklyccbh_2011"
"1017","wklyccrh_2011"
"1018","uebps_2011"
"1019","uebcogp_2011"
"1020","uebcs15_2011"
"1021","uebos15_2011"
"1022","uebgs15_2011"
"1023","uebcogs_2011"
"1024","uebscl_2011"
"1025","ueboth_2011"
"1026","uhseb1_2011"
"1027","educft_2011"
"1028","educpt_2011"
"1029","eductft_2011"
"1030","eductpt_2011"
"1031","edter_2011"
"1032","ednec_2011"
"1033","hwelb_2011"
"1034","uhlconf_2011"
"1035","uhlhos_2011"
"1036","uhlscr_2011"
"1037","uhlpub_2011"
"1038","wklyelc_2011"
"1039","wklyphir_2011"
"1040","totwelfb_2011"
"1041","edub_2011"
"1042","iben_2011"
"1043","uhltot_2011"
"1044","tben_2011"
"1045","pinc2_2011"
"1046","dincst_2011"
"1047","abslid_2011"
"1048","absfid_2013"
"1049","hvalprwd_2013"
"1050","yrrmln_2013"
"1051","ratesch_2013"
"1052","bcorprch_2013"
"1053","raterwch_2013"
"1054","ratergch_2013"
"1055","ratesrch_2013"
"1056","ratercch_2013"
"1057","hcostsh3_2013"
"1058","hcostsh2_2013"
"1059","lalldch_2013"
"1060","towe2ch_2013"
"1061","towe2c2_2013"
"1062","towe1ch_2013"
"1063","towe1c2_2013"
"1064","towe4ch_2013"
"1065","towe4c2_2013"
"1066","towe3ach_2013"
"1067","towe3ac2_2013"
"1068","trpay2ch_2013"
"1069","trpay2rf_2013"
"1070","trpay2c2_2013"
"1071","trpay1ch_2013"
"1072","trpay1rf_2013"
"1073","trpay1c2_2013"
"1074","trpa3ach_2013"
"1075","trpa3arf_2013"
"1076","trpa3ac2_2013"
"1077","trpay4ch_2013"
"1078","trpay4c2_2013"
"1079","trpay4rf_2013"
"1080","tint2ch_2013"
"1081","tint1ch_2013"
"1082","tint3ach_2013"
"1083","tint4ch_2013"
"1084","ksuppch_2013"
"1085","cwfinsph_2013"
"1086","pymainh_2013"
"1087","pyfinsph_2013"
"1088","itgcbch6_2013"
"1089","investch_2013"
"1090","iobtph_2013"
"1091","dispph8_2013"
"1092","dispph_2013"
"1093","inctotph_2013"
"1094","inctoph8_2013"
"1095","iwsuph_2013"
"1096","iwsuph8_2013"
"1097","itgcbph_2013"
"1098","investph_2013"
"1099","invesph8_2013"
"1100","othsrph_2013"
"1101","othsrph8_2013"
"1102","isuperph_2013"
"1103","iwssuch_2013"
"1104","hvalpric_2013"
"1105","pdwldepa_2013"
"1106","rntbnda_2013"
"1107","bcorpgch_2013"
"1108","rateswch_2013"
"1109","ratesgch_2013"
"1110","ratescch_2013"
"1111","wkrentrf_2013"
"1112","whs0101_2013"
"1113","whs0102_2013"
"1114","whs0103_2013"
"1115","whs0104_2013"
"1116","whs0105_2013"
"1117","whs0106_2013"
"1118","whs0107_2013"
"1119","whs0108_2013"
"1120","whs0109_2013"
"1121","whs0110_2013"
"1122","whs0111_2013"
"1123","whs0112_2013"
"1124","whs0113_2013"
"1125","whs0114_2013"
"1126","whs0115_2013"
"1127","whs0116_2013"
"1128","whs0117_2013"
"1129","whs0118_2013"
"1130","whs0119_2013"
"1131","whs0120_2013"
"1132","whs0121_2013"
"1133","whs0122_2013"
"1134","whs0123_2013"
"1135","whs0124_2013"
"1136","whs0125_2013"
"1137","whs0126_2013"
"1138","whs0127_2013"
"1139","whs0128_2013"
"1140","whs0129_2013"
"1141","whs0130_2013"
"1142","whs0131_2013"
"1143","whs0132_2013"
"1144","whs0133_2013"
"1145","whs0134_2013"
"1146","whs0135_2013"
"1147","whs0136_2013"
"1148","whs0137_2013"
"1149","whs0138_2013"
"1150","whs0139_2013"
"1151","whs0140_2013"
"1152","whs0141_2013"
"1153","whs0142_2013"
"1154","whs0143_2013"
"1155","whs0144_2013"
"1156","whs0145_2013"
"1157","whs0146_2013"
"1158","whs0147_2013"
"1159","whs0148_2013"
"1160","whs0149_2013"
"1161","whs0150_2013"
"1162","whs0151_2013"
"1163","whs0152_2013"
"1164","whs0153_2013"
"1165","whs0154_2013"
"1166","whs0155_2013"
"1167","whs0156_2013"
"1168","whs0157_2013"
"1169","whs0158_2013"
"1170","whs0159_2013"
"1171","whs0160_2013"
"1172","wklyccah_2013"
"1173","wklyccbh_2013"
"1174","wklyccrh_2013"
"1175","uebps_2013"
"1176","uebcp_2013"
"1177","uebop_2013"
"1178","uebgp_2013"
"1179","uebscl_2013"
"1180","ueboth_2013"
"1181","uhseb1_2013"
"1182","educft_2013"
"1183","educpt_2013"
"1184","eductft_2013"
"1185","eductpt_2013"
"1186","edter_2013"
"1187","ednec_2013"
"1188","hwelb_2013"
"1189","uhlconf_2013"
"1190","uhlhos_2013"
"1191","uhlscr_2013"
"1192","uhlpub_2013"
"1193","wklyelc_2013"
"1194","wklyphir_2013"
"1195","totwelfb_2013"
"1196","edub_2013"
"1197","iben_2013"
"1198","uhltot_2013"
"1199","uebcogp_2013"
"1200","uebcogs_2013"
"1201","tben_2013"
"1202","pinc2_2013"
"1203","dincst_2013"
"1204","absiid_2013"
"1205","abslid_2013"
"1206","abspid_2013"
"1207","hcostsh4_2015"
"1208","dben_2015"
"1209","wklyccah_2015"
"1210","uebps_2015"
"1211","uebcp_2015"
"1212","uebop_2015"
"1213","uebgp_2015"
"1214","uebcs_2015"
"1215","uebos_2015"
"1216","uebgs_2015"
"1217","uebscl_2015"
"1218","ueboth_2015"
"1219","uhseb1_2015"
"1220","educft_2015"
"1221","educpt_2015"
"1222","eductft_2015"
"1223","eductpt_2015"
"1224","edter_2015"
"1225","ednec_2015"
"1226","hwelb_2015"
"1227","uhlconf_2015"
"1228","uhlhos_2015"
"1229","uhlscr_2015"
"1230","uhlpub_2015"
"1231","wklyelc_2015"
"1232","wklyphir_2015"
"1233","totwelfb_2015"
"1234","edub_2015"
"1235","iben_2015"
"1236","uhltot_2015"
"1237","uebcogp_2015"
"1238","tben_2015"
"1239","pinc2_2015"
"1240","pinc_2015"
"1241","dincst_2015"
"1242","hvalprwd_2015"
"1243","bcorpgch_2015"
"1244","rateswch_2015"
"1245","ratesgch_2015"
"1246","ratescch_2015"
"1247","ratesch_2015"
"1248","bcorprch_2015"
"1249","raterwch_2015"
"1250","ratergch_2015"
"1251","ratesrch_2015"
"1252","ratercch_2015"
"1253","hcostsh3_2015"
"1254","hcostsh2_2015"
"1255","wkrentrf_2015"
"1256","towe5ch_2015"
"1257","trpaych_2015"
"1258","wkrenxp_2015"
"1259","lalldch_2015"
"1260","towe2ch_2015"
"1261","towe2c2_2015"
"1262","towe1ch_2015"
"1263","towe1c2_2015"
"1264","towe4ch_2015"
"1265","towe4c2_2015"
"1266","towe3ach_2015"
"1267","towe3ac2_2015"
"1268","trpay2ch_2015"
"1269","trpay2rf_2015"
"1270","trpay2c2_2015"
"1271","trpay1ch_2015"
"1272","trpay1rf_2015"
"1273","trpay1c2_2015"
"1274","trpa3ach_2015"
"1275","trpa3arf_2015"
"1276","trpa3ac2_2015"
"1277","trpay4ch_2015"
"1278","trpay4c2_2015"
"1279","trpay4rf_2015"
"1280","tint2ch_2015"
"1281","tint1ch_2015"
"1282","tint3ach_2015"
"1283","tint4ch_2015"
"1284","ksuppch_2015"
"1285","cwfinsph_2015"
"1286","pymainh_2015"
"1287","pyfinsph_2015"
"1288","itgcbch6_2015"
"1289","investch_2015"
"1290","iobtph_2015"
"1291","dispph8_2015"
"1292","dispph_2015"
"1293","inctotph_2015"
"1294","inctoph8_2015"
"1295","iwsuph_2015"
"1296","iwsuph8_2015"
"1297","itgcbph_2015"
"1298","investph_2015"
"1299","invesph8_2015"
"1300","othsrph_2015"
"1301","othsrph8_2015"
"1302","isuperph_2015"
"1303","iwssuch_2015"
"1304","vtottch_2015"
"1305","cwkcrah_2015"
"1306","hvalpric_2015"
"1307","whs0101_2015"
"1308","whs0102_2015"
"1309","whs0103_2015"
"1310","whs0104_2015"
"1311","whs0105_2015"
"1312","whs0106_2015"
"1313","whs0107_2015"
"1314","whs0108_2015"
"1315","whs0109_2015"
"1316","whs0110_2015"
"1317","whs0111_2015"
"1318","whs0112_2015"
"1319","whs0113_2015"
"1320","whs0114_2015"
"1321","whs0115_2015"
"1322","whs0116_2015"
"1323","whs0117_2015"
"1324","whs0118_2015"
"1325","whs0119_2015"
"1326","whs0120_2015"
"1327","whs0121_2015"
"1328","whs0122_2015"
"1329","whs0123_2015"
"1330","whs0124_2015"
"1331","whs0125_2015"
"1332","whs0126_2015"
"1333","whs0127_2015"
"1334","whs0128_2015"
"1335","whs0129_2015"
"1336","whs0130_2015"
"1337","whs0131_2015"
"1338","whs0132_2015"
"1339","whs0133_2015"
"1340","whs0134_2015"
"1341","whs0135_2015"
"1342","whs0136_2015"
"1343","whs0137_2015"
"1344","whs0138_2015"
"1345","whs0139_2015"
"1346","whs0140_2015"
"1347","whs0141_2015"
"1348","whs0142_2015"
"1349","whs0143_2015"
"1350","whs0144_2015"
"1351","whs0145_2015"
"1352","whs0146_2015"
"1353","whs0147_2015"
"1354","whs0148_2015"
"1355","whs0149_2015"
"1356","whs0150_2015"
"1357","whs0151_2015"
"1358","whs0152_2015"
"1359","whs0153_2015"
"1360","whs0154_2015"
"1361","whs0155_2015"
"1362","whs0156_2015"
"1363","whs0157_2015"
"1364","whs0158_2015"
"1365","whs0159_2015"
"1366","whs0160_2015"
"1367","wklyccbh_2015"
"1368","wklyccrh_2015"
"1369","hinsmodh_2015"
"1370","cradisp_2015"
"1371","hcostsh4_2017"
"1372","dben_2017"
"1373","wklyccah_2017"
"1374","uebps_2017"
"1375","uebcp_2017"
"1376","uebop_2017"
"1377","uebgp_2017"
"1378","uebscl_2017"
"1379","ueboth_2017"
"1380","uhseb1_2017"
"1381","educft_2017"
"1382","educpt_2017"
"1383","eductft_2017"
"1384","eductpt_2017"
"1385","edter_2017"
"1386","hwelb_2017"
"1387","uhlconf_2017"
"1388","uhlhos_2017"
"1389","uhlscr_2017"
"1390","uhlpub_2017"
"1391","wklyelc_2017"
"1392","wklyphir_2017"
"1393","totwelfb_2017"
"1394","edub_2017"
"1395","iben_2017"
"1396","uhltot_2017"
"1397","uebcogp_2017"
"1398","tben_2017"
"1399","pinc2_2017"
"1400","pinc_2017"
"1401","dincst_2017"
"1402","hvalprwd_2017"
"1403","bcorpgch_2017"
"1404","rateswch_2017"
"1405","ratesgch_2017"
"1406","ratescch_2017"
"1407","ratesch_2017"
"1408","bcorprch_2017"
"1409","raterwch_2017"
"1410","ratergch_2017"
"1411","ratesrch_2017"
"1412","ratercch_2017"
"1413","hcostsh3_2017"
"1414","hcostsh2_2017"
"1415","wkrentrf_2017"
"1416","towe5ch_2017"
"1417","trpaych_2017"
"1418","wkrenxp_2017"
"1419","lalldch_2017"
"1420","towe2ch_2017"
"1421","towe2c2_2017"
"1422","towe1ch_2017"
"1423","towe1c2_2017"
"1424","towe4ch_2017"
"1425","towe4c2_2017"
"1426","towe3ach_2017"
"1427","towe3ac2_2017"
"1428","trpay2ch_2017"
"1429","trpay2rf_2017"
"1430","trpay2c2_2017"
"1431","trpay1ch_2017"
"1432","trpay1rf_2017"
"1433","trpay1c2_2017"
"1434","trpa3ach_2017"
"1435","trpa3arf_2017"
"1436","trpa3ac2_2017"
"1437","trpay4ch_2017"
"1438","trpay4c2_2017"
"1439","trpay4rf_2017"
"1440","tint2ch_2017"
"1441","tint1ch_2017"
"1442","tint3ach_2017"
"1443","tint4ch_2017"
"1444","cwkcrah_2017"
"1445","ksuppch_2017"
"1446","cwfinsph_2017"
"1447","itgcbch6_2017"
"1448","investch_2017"
"1449","iobtph_2017"
"1450","iwssuch_2017"
"1451","vtottch_2017"
"1452","nsmkhh_2017"
"1453","hvalpric_2017"
"1454","whs01_2017"
"1455","whs02_2017"
"1456","whs03_2017"
"1457","whs04_2017"
"1458","whs05_2017"
"1459","whs06_2017"
"1460","whs07_2017"
"1461","whs08_2017"
"1462","whs09_2017"
"1463","whs10_2017"
"1464","whs11_2017"
"1465","whs12_2017"
"1466","whs13_2017"
"1467","whs14_2017"
"1468","whs15_2017"
"1469","whs16_2017"
"1470","whs17_2017"
"1471","whs18_2017"
"1472","whs19_2017"
"1473","whs20_2017"
"1474","whs21_2017"
"1475","whs22_2017"
"1476","whs23_2017"
"1477","whs24_2017"
"1478","whs25_2017"
"1479","whs26_2017"
"1480","whs27_2017"
"1481","whs28_2017"
"1482","whs29_2017"
"1483","whs30_2017"
"1484","whs31_2017"
"1485","whs32_2017"
"1486","whs33_2017"
"1487","whs34_2017"
"1488","whs35_2017"
"1489","whs36_2017"
"1490","whs37_2017"
"1491","whs38_2017"
"1492","whs39_2017"
"1493","whs40_2017"
"1494","whs41_2017"
"1495","whs42_2017"
"1496","whs43_2017"
"1497","whs44_2017"
"1498","whs45_2017"
"1499","whs46_2017"
"1500","whs47_2017"
"1501","whs48_2017"
"1502","whs49_2017"
"1503","whs50_2017"
"1504","whs51_2017"
"1505","whs52_2017"
"1506","whs53_2017"
"1507","whs54_2017"
"1508","whs55_2017"
"1509","whs56_2017"
"1510","whs57_2017"
"1511","whs58_2017"
"1512","whs59_2017"
"1513","whs60_2017"
"1514","wklyccbh_2017"
"1515","wklyccrh_2017"
"1516","hinsmodh_2017"
"1517","cradisp_2017"
